<?xml version="1.0" encoding="UTF-8"?>
<beans xmlns="http://www.springframework.org/schema/beans"
       xmlns:xsi="http://www.w3.org/2001/XMLSchema-instance"
       xmlns:context="http://www.springframework.org/schema/context"
       xsi:schemaLocation="http://www.springframework.org/schema/beans
           http://www.springframework.org/schema/beans/spring-beans-2.5.xsd
           http://www.springframework.org/schema/context
           http://www.springframework.org/schema/context/spring-context.xsd">


<context:component-scan base-package="demo.src.main.java"></context:component-scan>
  <bean id="xmlChildConnection" class="com.example.demo.xmlproject.XmlChildConnection">
  </bean>

<bean id="jdbcConnection" class="com.example.demo.spring.JdbcConnection">
  </bean>
<bean id="sqlConnection" class="com.example.demo.spring.SqlConnection">
  </bean>
  
  <bean id="personDao" class="com.example.demo.spring.PersonDao">
  <property name="jdbcConnection" ref="jdbcConnection"></property>
   <property name="sqlConnection" ref="sqlConnection"></property>
  </bean>
  
  <bean id="xmlPersonDao" class="com.example.demo.xmlproject.XmlPersonDao">
    <!-- collaborators and configuration for this bean go here -->
 <property name="xmlChildConnection" ref="xmlChildConnection"></property>
 <property name="xmlConstructorInjection" ref="xmlConstructorInjection"></property>
  </bean>
 <bean id="xmlConstructorInjection" class="com.example.demo.xmlproject.XmlConstructorInjection">
  </bean>

</beans>